project	filename	bytes	sha256	storage
Control-Center	canonical-control-center-source.zip	3769470	68b384dc2afd4c06f7fd5727dd0a0e67d7e035b141b14c3f1fa9e7a183a3fbf1	GitHub prerelease wip-post-reset
ForgeHX	forgehx-0.4.0.tar.gz	140618	3aee3a2c963cf3f92a2f242c1b02448ed605c4ebe33a2a19c836c56287adeb5c	GitHub prerelease wip-post-reset
ForgeHX	forgehx-0.4.1.tar.gz	141175	baecf5bd881d583eecd46a85cdd98172b9dc94667463b4634512d14213a40b8c	GitHub prerelease wip-post-reset
ForgeHX	forgehx-0.4.2.tar.gz	141602	ddac567579eecf44a534f569ea653fc812c4b1fabcecf4bbf1eaacce0a0c9f1f	GitHub prerelease wip-post-reset
ForgeHX	forgehx-0.4.2-1-x86_64.pkg.tar.zst	5573010	56cc96b80779839c701d6245679862ed2bf239eaeda6cbef0b923e33ccc8c5b2	GitHub prerelease wip-post-reset
ForgeHX	forgehx-debug-0.4.2-1-x86_64.pkg.tar.zst	621771	05267345764d865c1c24ac2634ca48843ca56570292c4d70fa9d2adbde6a9474	GitHub prerelease wip-post-reset
ForgeHX	forgehx-0.5.0.tar.gz	155656	11c618ae48711879fc66d07ecd647248a94161a6aeb19190af5bda55dd621ef5	GitHub prerelease wip-post-reset
ForgeHX	forgehx-0.5.1.tar.gz	155973	4979c924f614789c05e675b906da40a7adc5134570a366d886ed5636d774af58	GitHub prerelease wip-post-reset
ForgeHX	forgehx-0.5.1-1-x86_64.pkg.tar.zst	5620672	a751253b9b0c3001f0b5332a1f32b37657ab89ad182098269613b7076fca7384	GitHub prerelease wip-post-reset
ForgeHX	forgehx-debug-0.5.1-1-x86_64.pkg.tar.zst	625838	5259e1ae4b902a78b76284b722ecaad7aa47fa6e3e1bf581e6086f37b6716dc6	GitHub prerelease wip-post-reset
ForgeHX	forgehx-0.6.0.tar.gz	160175	9a6e95103d455907a4bc4d0f469eaedaf55c2213bd25be407749ed63d365e82c	GitHub prerelease wip-post-reset
ForgeHX	forgehx-0.6.0-1-x86_64.pkg.tar.zst	5615299	65cdf9c55d8bf14c2b66ac67c3a561318832e44a350aebb3012609654e2a61e6	GitHub prerelease wip-post-reset
ForgeHX	forgehx-debug-0.6.0-1-x86_64.pkg.tar.zst	625819	cad2b35665b56e799ab813f77b4f5407ca7d2c496bd6588620278759ef72d47d	GitHub prerelease wip-post-reset
ForgeHX	forgehx-1.0.1.tar.gz	174204	12024a1b3712a62e90fe48dddf76df7088c15c9e400d825f789ac8851e060c5a	GitHub prerelease wip-post-reset
ForgeHX	forgehx-1.0.2.tar.gz	174711	0af05e7b3d830b6dd8594a2226ed43cfcb5d87c3d5c9baa208491a0f98a2d86d	GitHub prerelease wip-post-reset
ForgeHX	forgehx-1.0.2-1-x86_64.pkg.tar.zst	6117682	a68e51fa87a38dea242c31cd521667aedf607ffc632f9fb44e41bc2da6da633d	GitHub prerelease wip-post-reset
ForgeHX	forgehx-debug-1.0.2-1-x86_64.pkg.tar.zst	658343	e19f513368145237fa77213dd7d81a5f5cc7e5a1725fefdc81d763f72b1910d7	GitHub prerelease wip-post-reset
ForgeHX	forgehx-10.0.3.tar.gz	211748	0616025c02d08d4505be14665d2922ea1a65d0699988872d9a0d4666ef57c113	GitHub prerelease wip-post-reset
ForgeHX	forgehx-10.0.3-1-x86_64.pkg.tar.zst	7474722	fc3e509a952cf47adc0b6931358bda44c9fa978c28baf1a6c22aeaac0af42bef	GitHub prerelease wip-post-reset
ForgeHX	forgehx-debug-10.0.3-1-x86_64.pkg.tar.zst	832169	d7ec8e790dd25111c8afff8f2bc16ef9716f45fb28f6e790cd61beb156db6ff8	GitHub prerelease wip-post-reset
ForgeHX	forgehx-1.2.1.tar.gz	202067	d5a6c6aae886c82b0ab7ab964b211030cc8d39052ec6501f722b74ff47fc7305	GitHub prerelease wip-post-reset
ForgeHX	forgehx-1.2.1-1-x86_64.pkg.tar.zst	6218830	e728fcd03324fbcd8fb56a57afdb6b72d4285f8f33c86b6918d6dce2e874c0cf	GitHub prerelease wip-post-reset
ForgeHX	forgehx-debug-1.2.1-1-x86_64.pkg.tar.zst	667109	a46bd1c76b69d4f079943da91382764759e510ea229625e344535326af30c112	GitHub prerelease wip-post-reset
ForgeHX	forgehx-10.0.4.tar.gz	212186	65728062569c8d5e7d2d35f0e1675c72c21319584993bd1dad5a2f3319091940	GitHub prerelease wip-post-reset
ForgeHX	forgehx-10.0.4-1-x86_64.pkg.tar.zst	7469533	9a09a1faaf74779def74ea840467c4ea602a9b780ffcf3eef52ec69001c8ea04	GitHub prerelease wip-post-reset
ForgeHX	forgehx-debug-10.0.4-1-x86_64.pkg.tar.zst	832166	06e0b43b0e889f4a0230bbfea61117c9a7f00d9947fc2ff4eca821f70262710c	GitHub prerelease wip-post-reset
ForgeHX	forgehx-10.0.5.tar.gz	217593	c07e01ec5708cf7be6e19b1c78651d81eac9b604d0bcc601e9f6cd6d5cdc8d60	GitHub prerelease wip-post-reset
ForgeHX	forgehx-10.0.5-1-x86_64.pkg.tar.zst	7502933	14e24f774ea292623ce31be99a9edcf775989dfdf65260d0ad0137118ae1b91a	GitHub prerelease wip-post-reset
ForgeHX	forgehx-debug-10.0.5-1-x86_64.pkg.tar.zst	833893	70502d2658eb8f267b2fed93a768a16600626c30999e9ddcac7895e2b19b5d43	GitHub prerelease wip-post-reset
ForgeHX	forgehx-10.0.6.tar.gz	219840	950ab394d6b4aee7c6ae77df181fbfcbb298b7b58cf77ed39f4673ec3a25fe57	GitHub prerelease wip-post-reset
ForgeHX	forgehx-10.0.6-1-x86_64.pkg.tar.zst	7744994	24cf56a48c4c467e8364132c3dcedddc6048e60b809e69cb9d8b522c3c1fdbd9	GitHub prerelease wip-post-reset
ForgeHX	forgehx-debug-10.0.6-1-x86_64.pkg.tar.zst	859934	5b546fd3990ff1b4db93fb9fcbe46317cfe02ffd05101b69d30eaa9c6d011987	GitHub prerelease wip-post-reset
ForgeHX	forgehx-10.0.7.tar.gz	221435	2eba79e6b7a920ec5706ad93e2798aef51976e2ddaf271932e66d5050303cbdd	GitHub prerelease wip-post-reset
ForgeHX	forgehx-10.0.7-1-x86_64.pkg.tar.zst	7745407	e5a81f11794d8abdd4d4e8fc47d36257be56ea6ee48e0339a0218dccb5e978d8	GitHub prerelease wip-post-reset
ForgeHX	forgehx-debug-10.0.7-1-x86_64.pkg.tar.zst	860103	00c5c91bbd2aaefbf902e2a2b5518f3d2e6a688c58397c87b61cbe3a5c552aa7	GitHub prerelease wip-post-reset
ForgeHX	forgehx-10.0.9.tar.gz	223530	92d07eadd98a7b0b91205e5255e45aec2b8166a1adc10f1e4db5db42767925db	GitHub prerelease wip-post-reset
ForgeHX	forgehx-10.0.9-1-x86_64.pkg.tar.zst	7746671	ef7564e393c32efa69bff9a1d4029ac612e0fb07b6aef0952c0e2bac8cf8513c	GitHub prerelease wip-post-reset
ForgeHX	forgehx-debug-10.0.9-1-x86_64.pkg.tar.zst	860208	b4840ff0927cfe654de076a329e67f53727622e40aecb81aa5ba0a943e1f7df9	GitHub prerelease wip-post-reset
ForgeHX	forgehx-10.0.10.tar.gz	225750	88ad83c0c1b11110907a616acfe3c40d6c6a96a9c3511af8bdaef5f510da9000	GitHub prerelease wip-post-reset
ForgeHX	forgehx-10.0.10-1-x86_64.pkg.tar.zst	7744915	ba2975dd7d855446b4c627405a1288e162f7784a2c274840d11c15267c6e6144	GitHub prerelease wip-post-reset
ForgeHX	forgehx-debug-10.0.10-1-x86_64.pkg.tar.zst	860141	abacdfdb605e11fdcfb861909d3f512e65ff7f205ffa8465c6c537f6cd316527	GitHub prerelease wip-post-reset
ForgeHX	forgehx-10.0.11.tar.gz	225772	3f48c72ee16c5399774f1ccaf794767bc441372a3e91bdddf58aa00fa40b6b39	GitHub prerelease wip-post-reset
ForgeHX	forgehx-10.0.11-1-x86_64.pkg.tar.zst	7741869	78c3e2f592e8ce1bfcc68443f1bffbaa710af6e2cf069ba37b3be609a7a8061a	GitHub prerelease wip-post-reset
ForgeHX	forgehx-debug-10.0.11-1-x86_64.pkg.tar.zst	860728	fa5863fa2216b0605d2c326fc39a33588b69f7528c63846e11e87287a88d56aa	GitHub prerelease wip-post-reset
ForgeHX	forgehx-10.0.13.tar.gz	235573	cd2a4c114e338cdfe3100e286178d36fa3360a8d9a50f995470686b7aa7c9ad9	GitHub prerelease wip-post-reset
ForgeHX	forgehx-10.0.15.tar.gz	236919	64c7e4873e0de48ab6d33f54957ad82d5c9ec01493ec9c5d1856610d2fcf9e0a	GitHub prerelease wip-post-reset
ForgeHX	forgehx-10.0.18.tar.gz	240734	c50fda9cf4f25024e514f9a73655ccbb21f05c2f4f4ebac6fe71cde72328460d	GitHub prerelease wip-post-reset
ForgeHX	forgehx-10.0.19.tar.gz	239069	f9e2c88b59553d437c4a2324848477c87cb55e441b9346e2caa267512c793a2f	GitHub prerelease wip-post-reset
ForgeHX	forgehx-10.0.20.tar.gz	244354	3510817156aa64f8f4d5c99bcfd3a9ed142b052a5db081981e083b31a65912ae	GitHub prerelease wip-post-reset
ForgeHX	forgehx-10.0.20-1-x86_64.pkg.tar.zst	7882627	2c00d639a216f0773e44fd10bfdbab7511077222360e918d040c973f06d6db20	GitHub prerelease wip-post-reset
ForgeHX	forgehx-debug-10.0.20-1-x86_64.pkg.tar.zst	879419	41bf615e300c1fa16915db8b74bfa21f0bede49f98d378698b9136645a220f6f	GitHub prerelease wip-post-reset
ForgeHX	forgehx-10.0.21.tar.gz	286128	d4fc8de5d6ef43afb996b2c14bffd5f9fc8b4a8c551b25faeb103633a62aa189	GitHub prerelease wip-post-reset
ForgeHX	forgehx-10.0.21-1-x86_64.pkg.tar.zst	7881761	6ed374ffe08cdcc3466db05d367f10b16af8a3ebc2f73d6ad30cdec52559c154	GitHub prerelease wip-post-reset
ForgeHX	forgehx-debug-10.0.21-1-x86_64.pkg.tar.zst	879475	03891670e1ee6838306edf6920f51ed3c282e6a91c5ffbab184c9ff0b090c2fb	GitHub prerelease wip-post-reset
ForgeHX	forgehx-10.0.22.tar.gz	289367	3ab9956d089ce29f4cb35230daa5f70343a569ea6e1ba96aab1040f6ae49026a	GitHub prerelease wip-post-reset
ForgeHX	forgehx-10.0.22-1-x86_64.pkg.tar.zst	7884443	b0c45ca6913778310ed1dddca5ad5379ef380b3579cddf70960d79de07baa19c	GitHub prerelease wip-post-reset
ForgeHX	forgehx-debug-10.0.22-1-x86_64.pkg.tar.zst	879535	3681da898dcff4f5c65477d589ca9a1a255b47232e601e4be43bb558eac1828d	GitHub prerelease wip-post-reset
ForgeHX	forgehx-10.0.23.tar.gz	248749	81e1ae2d7b5adced584373f3541cae81920bae052163d5f83befeab3f1f2c4ba	GitHub prerelease wip-post-reset
ForgeHX	forgehx-10.0.23-1-x86_64.pkg.tar.zst	7883654	82793b4267e924e6fb75ffa2faaf884685360467da2120467f73fb095ccc46be	GitHub prerelease wip-post-reset
ForgeHX	forgehx-debug-10.0.23-1-x86_64.pkg.tar.zst	879752	b7c0cd8c207ea1e969a0b297a2ac3392cf670d15bd2cdb503939656064512a15	GitHub prerelease wip-post-reset
ForgeHX	forgehx-10.0.24.tar.gz	250074	05086b9658f9ed07126f1ff3cfe5270a07cfe8fd58c61e12f17fd2563efdd879	GitHub prerelease wip-post-reset
ForgeHX	forgehx-10.0.24-1-x86_64.pkg.tar.zst	7884017	778fe1468004d3ea3d179e35961e1fec73cb8af09059a7383819bdb0921a9368	GitHub prerelease wip-post-reset
ForgeHX	forgehx-debug-10.0.24-1-x86_64.pkg.tar.zst	878636	57554aeeeb857fd56f00a25628b2dbd07563057c752da89f87dd1e184376f9e7	GitHub prerelease wip-post-reset
ForgeHX	forgehx-10.0.26.tar.gz	254958	f046f5576b72c7fa33f254ff3ed898d6a27e348a21720398e72eb187f4bedde2	GitHub prerelease wip-post-reset
ForgeHX	forgehx-10.0.26-1-x86_64.pkg.tar.zst	7887354	bc7ed20a773744987ab5076fb78e9fce1b4f71f75c3912ddaae9c7fc0c628814	GitHub prerelease wip-post-reset
ForgeHX	forgehx-debug-10.0.26-1-x86_64.pkg.tar.zst	879239	8121f42e794b61135aeb9e64f2820545929bd346552b79c1333fac93f231df50	GitHub prerelease wip-post-reset
ForgeHX	forgehx-10.0.27.tar.gz	255626	b5827e871a9b3d757f92cd093ad03ce54f0cdbb8e1ffe5ba971b626c7924cd82	GitHub prerelease wip-post-reset
ForgeHX	forgehx-10.0.27-1-x86_64.pkg.tar.zst	7880671	92f2d468b19c86323bdba8f84673a1f285483a22546d37766b1d91299fc40d03	GitHub prerelease wip-post-reset
ForgeHX	forgehx-debug-10.0.27-1-x86_64.pkg.tar.zst	879224	efaf420c980977c3e635a4ffb6c3b4e566f2749a0861ee1df1f5146d35ffb3a5	GitHub prerelease wip-post-reset
ForgeHX	forgehx-10.0.28.tar.gz	289053	41d8bc3c26de826fe61bd835cf2519f6266e2be5b8419b2968a807da0d1bb371	GitHub prerelease wip-post-reset
ForgeHX	forgehx-10.0.28-1-x86_64.pkg.tar.zst	7952583	b85b8d9408c7842db7a04f37d261c056d47224492e644229622150a1c2cc63d5	GitHub prerelease wip-post-reset
ForgeHX	forgehx-debug-10.0.28-1-x86_64.pkg.tar.zst	883814	e182b012c5ded427f80e5221eb3a1332cd3d41ccc2904cae039b0bf207d43e51	GitHub prerelease wip-post-reset
ForgeHX	forgehx-10.0.29.tar.gz	303305	42cc424e4a47db52ef906395f5e11023220a03f7f7c45135bee8716643390beb	GitHub prerelease wip-post-reset
ForgeHX	forgehx-10.0.29-1-x86_64.pkg.tar.zst	7956455	ba541582959589d2915e30eb3355a6e9ec84461ac6d129c61c8e1b36262c8dd6	GitHub prerelease wip-post-reset
ForgeHX	forgehx-debug-10.0.29-1-x86_64.pkg.tar.zst	883229	4b405c000a4ddf5051ff7f575fc704ca82a6e711d9611cd341dcc45cb8383409	GitHub prerelease wip-post-reset
ForgeHX	forgehx-10.0.30.tar.gz	311751	3943d69c8eb10b565486dff9f171b3b5e930033d6cbdc2e29f0a00d16c4e676b	GitHub prerelease wip-post-reset
ForgeHX	forgehx-10.0.30-1-x86_64.pkg.tar.zst	7955783	061de8a6c5d480257fea5ca203ecedad6c715825c7153921f8c7f0607061fe14	GitHub prerelease wip-post-reset
ForgeHX	forgehx-debug-10.0.30-1-x86_64.pkg.tar.zst	884119	d1ae3f7d5491c0246864ebe41af33bc7f6f86bb9275e740d6459e673a0f11c8e	GitHub prerelease wip-post-reset
ForgeHX	forgehx-10.0.31.tar.gz	316623	d5dd75639050305366cf4cd650d23b0b03f16fa91b425e00ea50d03b79149db1	GitHub prerelease wip-post-reset
ForgeHX	forgehx-10.0.31-1-x86_64.pkg.tar.zst	7956081	b589220d6ea285a89caa0846eabbfe8d5244c3f57fddd25f837c300593b59d13	GitHub prerelease wip-post-reset
ForgeHX	forgehx-debug-10.0.31-1-x86_64.pkg.tar.zst	883794	cad499e502cd4ccba81e13c27d28b4fc68220c661db8149af3770032625b0083	GitHub prerelease wip-post-reset
AetherBrowser	Aether-Browser-v2.0.12-source.zip	691207	a345a3c1c2666501e55a3a100459e29f4e009fb5127aad8b5bd8d0faf6cd9f4c	GitHub prerelease wip-post-reset
AetherBrowser	Aether-Browser-v2.1.10-source.zip	723252	709a8300a9cc86e4540a8e93dfa7bf3377f572015e395f97ffde0496e543893f	GitHub prerelease wip-post-reset
AetherBrowser	Aether-Browser-v2.1.12-source.zip	736675	a64a2e170e5f0ae4123c419a0d5a3bd1e792a0e0d7982437119d3a68d9129618	GitHub prerelease wip-post-reset
AetherBrowser	Aether-Browser-v2.1.14-source.zip	743778	d77a7df83eacfd2045811af2eb19ae55b6bdc595d7f6d56b03e7f18e7b25c6e8	GitHub prerelease wip-post-reset
AetherBrowser	Aether-Browser-v2.1.40-source.zip	874751	af085391af6f792a2b132432eafce1a5f559d20ece46d43fd886a8e8ed1f5b9a	GitHub prerelease wip-post-reset
AetherBrowser	Aether-Browser-v2.1.41-source.zip	877107	3b9353f9556cd824e36d2e7c9d7842e5ae2bed4a09dd8f191ff4db7bbde29c7f	GitHub prerelease wip-post-reset
AetherBrowser	Aether-Browser-v2.1.42-source.zip	878090	48fc99f711608e5b246479382b67880942784d5b62694a6c6a4c646d5a507208	GitHub prerelease wip-post-reset
OpenDeck	OpenDeck-v1.2.4-WINDOWS-DRAGONGLASS-TWITCH.zip	30422	dfea8cdeb4d7974ee7a6109f83ed439fbb89a75f2bf6c749aa9cbec20c1d429f	GitHub prerelease wip-post-reset
AetherBrowser	Aether-Browser-v2.1.54-source.zip	854511	4216fd5f8bdef4cab1aa27022772f6a0a68f121a0acd66aacd60f70a32a2967e	GitHub prerelease wip-post-reset
OpenDeck	OpenDeck-v1.3.0-WINDOWS-PARITY-SOURCE-CHECKPOINT.tar.xz	458948	b070dafb6e4b3c40d78096a0046c53133c53bc7a66f15fe2403e9d29e1529b5e	GitHub prerelease wip-post-reset
AetherBrowser	Aether-Browser-v2.1.55-source.zip	856043	61950ed9af890c232c13e2ef25e99d332038a1c225a2d1c2249d3c3039f8a194	GitHub prerelease wip-post-reset
OpenDeck	OpenDeck-v1.3.0-WINDOWS-CLEAN-REBUILD-3-SOURCE.tar.xz	457488	496e7b24e915e9d0bbc78f848947a9ac55cc43b53ef54f4e5100f4cd52c2a389	GitHub prerelease wip-post-reset
OpenDeck	OpenDeck-v1.3.0-CURRENT-SOURCE-HANDOFF.tar.xz	457136	a34c6caced9a6c96b591aa91cf18b49502efb6215e9047f5483ce02e81e366e7	GitHub prerelease wip-post-reset
OpenDeck	OpenDeck-v2.0.1-CUSTOMIZATION-WIP.tar.xz	29872	e49740b554150272f1e0eaf0f75090e9be19e31c0e55f154a864a6366cee64af	GitHub prerelease wip-post-reset
OpenDeck	OpenDeck-v2.0.1-CUSTOMIZATION-SOURCE.tar.xz	50728	f098e491b977ab83419403416645203e0e3f4cbc8ef7f4be1822e3523c86b1ce	GitHub prerelease wip-post-reset
OpenDeck	OpenDeck-v2.0.1-CUSTOMIZATION-HOST-GATE-CLOSURE-SOURCE.tar.xz	50776	d4b8e4ef480bbdbc3f4afd730c04407911de3be9f004a9b864bf06184883c197	GitHub prerelease wip-post-reset
OpenDeck	OpenDeck-v2.0.1-CUSTOMIZATION-LINT-CLOSURE-SOURCE.tar.xz	50708	c7f6270381c70aef31c707dc98134d38dc1cfbc3bf266a03078c415226c58068	GitHub prerelease wip-post-reset
OpenDeck	OpenDeck-v2.0.1-CUSTOMIZATION-CLIPPY-CLOSURE-SOURCE.tar.xz	50680	7dfd1a1d5db22bbddac6419adf86740b72d93973ee4b562751b299189a516d07	GitHub prerelease wip-post-reset
AetherStream	AetherStream-v10.2.50-source.zip	323067	e777e48361829bb29c4765e7adc9a97d752b28ff060b10d78db18216c9274bde	GitHub prerelease wip-post-reset
OpenDeck	OpenDeck-v2.0.2-ACTION-RUNTIME-SOURCE.tar.xz	52560	fb2b6d68d146f1d0ee935a08540fcdc8cc9a6dd9c84ea8fdc5b7de3a0edbd9c6	GitHub prerelease wip-post-reset
OpenDeck	OpenDeck-v2.0.3-WINDOWS-HARDWARE-SOURCE.tar.xz	71700	cc9b1ac934923ad8301d3356a8b3a82920ac1c0dba3d19a11fb40b7acac71eb3	GitHub prerelease wip-post-reset
OpenDeck	OpenDeck-v2.0.3-WINDOWS-HARDWARE-SOURCE (1).tar.xz	71700	cc9b1ac934923ad8301d3356a8b3a82920ac1c0dba3d19a11fb40b7acac71eb3	GitHub prerelease wip-post-reset
ForgeClean	ForgeClean-v1.0.12-DELTA.zip	27964	abad07d3d8a0fcbe5d7b851b575d1468ee35efea1d7c3dc3c0f136ff2176734a	GitHub prerelease wip-post-reset
OpenDeck	OpenDeck-v2.0.3-WINDOWS-HARDWARE-LINT-CLOSURE-SOURCE.tar.xz	71832	ce72b42d964dca2587cf5a046ed29f57f3bc80626c1dfacedc94219c5c7bb066	GitHub prerelease wip-post-reset
ForgeClean	ForgeClean-v1.0.13-DELTA.zip	22791	8b7fdc60234e4dedc54b447406e128ffc9a07bb8ed12b1380449abc370e45df5	GitHub prerelease wip-post-reset
OpenDeck	OpenDeck-v2.0.4-WINDOWS-HARDWARE-LINT-CLOSURE-SOURCE.tar.xz	71984	e4dd0be00a6fecf6af8f15dd26755a695b84c86ddc35c736a2c51ba43b18a7a7	GitHub prerelease wip-post-reset
ForgeClean	ForgeClean-v1.0.14-DELTA.zip	23327	63610f68a345df613aac6dae008a39f4ca3297eaa2c46cbf8637937cbce9fda3	GitHub prerelease wip-post-reset
OpenDeck	OpenDeck-v2.0.5-TWITCH-AUTH-COMPLETION-SOURCE.tar.xz	72776	2ca42195a2519fb90383ea91f5c6a29c2655631897317bd63e5c0fa4d7b61e24	GitHub prerelease wip-post-reset
AetherAI	apps__AetherAI__models__Qwen3-0.6B-Q4_K_M.gguf	396704416	b0638f08417a2d3c8652760462eb5407c6e30173cf9608ad0820757a281eea0e	GitHub prerelease wip-post-reset (externalized from apps/AetherAI/models/Qwen3-0.6B-Q4_K_M.gguf)
AetherAI	apps__AetherAI__tools__inference__llama-b10649-linux-vulkan-x86_64__llama-b10649__libggml-vulkan.so	53604160	539e1edaa7fdf6e16e2854aaa66bb3cab79ef050d3e207123daf12b2c10db950	GitHub prerelease wip-post-reset (externalized from apps/AetherAI/tools/inference/llama-b10649-linux-vulkan-x86_64/llama-b10649/libggml-vulkan.so)
AetherAI	apps__AetherAI__tools__rust__x86_64-unknown-linux-gnu__lib__rustlib__x86_64-unknown-linux-gnu__lib__libcore-a6075fd9c05de416.rmeta	66075708	634b3f283efbfcb8da01228b9557851d74eafefb6dcccc0350a925ed06558e42	GitHub prerelease wip-post-reset (externalized from apps/AetherAI/tools/rust/x86_64-unknown-linux-gnu/lib/rustlib/x86_64-unknown-linux-gnu/lib/libcore-a6075fd9c05de416.rmeta)
AetherAI	apps__AetherAI__tools__rust__x86_64-unknown-linux-gnu__lib__libLLVM.so.22.1-rust-1.98.0-stable	199596928	b2cc5bb9aafd2c8d1fd8ad0e99fd7de09e6831ff319ac99130d737261316596e	GitHub prerelease wip-post-reset (externalized from apps/AetherAI/tools/rust/x86_64-unknown-linux-gnu/lib/libLLVM.so.22.1-rust-1.98.0-stable)
AetherAI	apps__AetherAI__tools__rust__x86_64-unknown-linux-gnu__lib__librustc_driver-28a98848f7a7c026.so	150831312	56047570f302ba09b1abf3b2996bd1d76560c06f3c95c0fcfa7dc3decd2faa2c	GitHub prerelease wip-post-reset (externalized from apps/AetherAI/tools/rust/x86_64-unknown-linux-gnu/lib/librustc_driver-28a98848f7a7c026.so)
